{"statuses":[{"created_at":"Mon Apr 01 17:15:34 +0000 2019","id":1112765460922032100,"id_str":"1112765460922032129","text":"RT @n_c_t_mochi: 色々と頑張ったが物足りない😭笑\nマスターさん達 有難うございました、大切にします！！\n(선물 고맙습니다 ❤️소중하게 간직하겠습니다！\n이번 구입하시고 계신 분\n@shot_a_love\n@banana_fishxx https://t.c…","truncated":false,"entities":{"hashtags":[],"symbols":[],"user_mentions":[{"screen_name":"n_c_t_mochi","name":"Ayaka 🍏","id":975304059988074500,"id_str":"975304059988074503","indices":[3,15]},{"screen_name":"shot_a_love","name":"shot a love","id":735765358301220900,"id_str":"735765358301220864","indices":[100,112]},{"screen_name":"banana_fishxx","name":"BANANA FISH","id":721145268226293800,"id_str":"721145268226293760","indices":[113,127]}],"urls":[]},"metadata":{"iso_language_code":"ja","result_type":"recent"},"source":"<a href=\"http://twitter.com/download/android\" rel=\"nofollow\">Twitter for Android</a>","in_reply_to_status_id":null,"in_reply_to_status_id_str":null,"in_reply_to_user_id":null,"in_reply_to_user_id_str":null,"in_reply_to_screen_name":null,"user":{"id":903097586986319900,"id_str":"903097586986319872","name":"pat; ga 📌","screen_name":"HYUNJlNNlEE","location":" sk | w1 | nct | ygtb","description":"ʏᴀᴡᴡᴡᴡ","url":null,"entities":{"description":{"urls":[]}},"protected":false,"followers_count":388,"friends_count":433,"listed_count":0,"created_at":"Thu Aug 31 03:30:18 +0000 2017","favourites_count":1650,"utc_offset":null,"time_zone":null,"geo_enabled":false,"verified":false,"statuses_count":1338,"lang":"en","contributors_enabled":false,"is_translator":false,"is_translation_enabled":false,"profile_background_color":"000000","profile_background_image_url":"http://abs.twimg.com/images/themes/theme1/bg.png","profile_background_image_url_https":"https://abs.twimg.com/images/themes/theme1/bg.png","profile_background_tile":false,"profile_image_url":"http://pbs.twimg.com/profile_images/1107312614848094209/u0DFddOD_normal.jpg","profile_image_url_https":"https://pbs.twimg.com/profile_images/1107312614848094209/u0DFddOD_normal.jpg","profile_banner_url":"https://pbs.twimg.com/profile_banners/903097586986319872/1553181787","profile_link_color":"C06C84","profile_sidebar_border_color":"000000","profile_sidebar_fill_color":"000000","profile_text_color":"000000","profile_use_background_image":false,"has_extended_profile":true,"default_profile":false,"default_profile_image":false,"following":false,"follow_request_sent":false,"notifications":false,"translator_type":"none"},"geo":null,"coordinates":null,"place":null,"contributors":null,"retweeted_status":{"created_at":"Mon Apr 01 08:18:16 +0000 2019","id":1112630245079736300,"id_str":"1112630245079736320","text":"色々と頑張ったが物足りない😭笑\nマスターさん達 有難うございました、大切にします！！\n(선물 고맙습니다 ❤️소중하게 간직하겠습니다！\n이번 구입하시고 계신 분\n@shot_a_love\n@banana_fishxx https://t.co/UTmqt4sqiF","truncated":false,"entities":{"hashtags":[],"symbols":[],"user_mentions":[{"screen_name":"shot_a_love","name":"shot a love","id":735765358301220900,"id_str":"735765358301220864","indices":[83,95]},{"screen_name":"banana_fishxx","name":"BANANA FISH","id":721145268226293800,"id_str":"721145268226293760","indices":[96,110]}],"urls":[],"media":[{"id":1112630239119573000,"id_str":"1112630239119572993","indices":[111,134],"media_url":"http://pbs.twimg.com/media/D3DbTrkUgAEyZEx.jpg","media_url_https":"https://pbs.twimg.com/media/D3DbTrkUgAEyZEx.jpg","url":"https://t.co/UTmqt4sqiF","display_url":"pic.twitter.com/UTmqt4sqiF","expanded_url":"https://twitter.com/n_c_t_mochi/status/1112630245079736320/photo/1","type":"photo","sizes":{"thumb":{"w":150,"h":150,"resize":"crop"},"small":{"w":510,"h":680,"resize":"fit"},"medium":{"w":900,"h":1200,"resize":"fit"},"large":{"w":1536,"h":2048,"resize":"fit"}}}]},"extended_entities":{"media":[{"id":1112630239119573000,"id_str":"1112630239119572993","indices":[111,134],"media_url":"http://pbs.twimg.com/media/D3DbTrkUgAEyZEx.jpg","media_url_https":"https://pbs.twimg.com/media/D3DbTrkUgAEyZEx.jpg","url":"https://t.co/UTmqt4sqiF","display_url":"pic.twitter.com/UTmqt4sqiF","expanded_url":"https://twitter.com/n_c_t_mochi/status/1112630245079736320/photo/1","type":"photo","sizes":{"thumb":{"w":150,"h":150,"resize":"crop"},"small":{"w":510,"h":680,"resize":"fit"},"medium":{"w":900,"h":1200,"resize":"fit"},"large":{"w":1536,"h":2048,"resize":"fit"}}}]},"metadata":{"iso_language_code":"ja","result_type":"recent"},"source":"<a href=\"http://twitter.com/download/iphone\" rel=\"nofollow\">Twitter for iPhone</a>","in_reply_to_status_id":null,"in_reply_to_status_id_str":null,"in_reply_to_user_id":null,"in_reply_to_user_id_str":null,"in_reply_to_screen_name":null,"user":{"id":975304059988074500,"id_str":"975304059988074503","name":"Ayaka 🍏","screen_name":"n_c_t_mochi","location":"","description":"NCT 垢💚 96line / Jaehyun doyoung寄りALL 다 좋아해 ❤️ 한국어를 공부하고 있어요. 3/30 イリチル参戦","url":null,"entities":{"description":{"urls":[]}},"protected":false,"followers_count":29,"friends_count":55,"listed_count":0,"created_at":"Sun Mar 18 09:33:02 +0000 2018","favourites_count":2154,"utc_offset":null,"time_zone":null,"geo_enabled":false,"verified":false,"statuses_count":1354,"lang":"ja","contributors_enabled":false,"is_translator":false,"is_translation_enabled":false,"profile_background_color":"F5F8FA","profile_background_image_url":null,"profile_background_image_url_https":null,"profile_background_tile":false,"profile_image_url":"http://pbs.twimg.com/profile_images/1060214030403399680/KUq5iCiY_normal.jpg","profile_image_url_https":"https://pbs.twimg.com/profile_images/1060214030403399680/KUq5iCiY_normal.jpg","profile_banner_url":"https://pbs.twimg.com/profile_banners/975304059988074503/1545494214","profile_link_color":"1DA1F2","profile_sidebar_border_color":"C0DEED","profile_sidebar_fill_color":"DDEEF6","profile_text_color":"333333","profile_use_background_image":true,"has_extended_profile":true,"default_profile":true,"default_profile_image":false,"following":false,"follow_request_sent":false,"notifications":false,"translator_type":"none"},"geo":null,"coordinates":null,"place":null,"contributors":null,"is_quote_status":false,"retweet_count":3,"favorite_count":1,"favorited":false,"retweeted":false,"possibly_sensitive":false,"lang":"ja"},"is_quote_status":false,"retweet_count":3,"favorite_count":0,"favorited":false,"retweeted":false,"lang":"ja"},{"created_at":"Mon Apr 01 17:15:31 +0000 2019","id":1112765447215046700,"id_str":"1112765447215046660","text":"RT @_Namrataa: @fayedsouza This is Indira’s constitution, not India’s. In a self respecting democracy 42nd amendment would have been undone…","truncated":false,"entities":{"hashtags":[],"symbols":[],"user_mentions":[{"screen_name":"_Namrataa","name":"नम्रता","id":117477749,"id_str":"117477749","indices":[3,13]},{"screen_name":"fayedsouza","name":"Faye DSouza","id":33915298,"id_str":"33915298","indices":[15,26]}],"urls":[]},"metadata":{"iso_language_code":"en","result_type":"recent"},"source":"<a href=\"http://twitter.com/download/android\" rel=\"nofollow\">Twitter for Android</a>","in_reply_to_status_id":null,"in_reply_to_status_id_str":null,"in_reply_to_user_id":null,"in_reply_to_user_id_str":null,"in_reply_to_screen_name":null,"user":{"id":1342002649,"id_str":"1342002649","name":"srini","screen_name":"srinivaks","location":"Bengaluru, India","description":"Simplify|Wit|Sarcasm|History|CleanIndia|Internet Hindu|PM Modi followed by me😤History what we read does not inculcate pride|ಯಾವುದು ಚರಿತ್ರೆ?","url":null,"entities":{"description":{"urls":[]}},"protected":false,"followers_count":252,"friends_count":1196,"listed_count":3,"created_at":"Wed Apr 10 14:03:00 +0000 2013","favourites_count":14641,"utc_offset":null,"time_zone":null,"geo_enabled":true,"verified":false,"statuses_count":24936,"lang":"en","contributors_enabled":false,"is_translator":false,"is_translation_enabled":false,"profile_background_color":"C0DEED","profile_background_image_url":"http://abs.twimg.com/images/themes/theme1/bg.png","profile_background_image_url_https":"https://abs.twimg.com/images/themes/theme1/bg.png","profile_background_tile":false,"profile_image_url":"http://pbs.twimg.com/profile_images/1081156523626135553/wDeYE9o2_normal.jpg","profile_image_url_https":"https://pbs.twimg.com/profile_images/1081156523626135553/wDeYE9o2_normal.jpg","profile_banner_url":"https://pbs.twimg.com/profile_banners/1342002649/1516198636","profile_link_color":"1DA1F2","profile_sidebar_border_color":"C0DEED","profile_sidebar_fill_color":"DDEEF6","profile_text_color":"333333","profile_use_background_image":true,"has_extended_profile":false,"default_profile":true,"default_profile_image":false,"following":false,"follow_request_sent":false,"notifications":false,"translator_type":"none"},"geo":null,"coordinates":null,"place":null,"contributors":null,"retweeted_status":{"created_at":"Mon Apr 01 17:12:41 +0000 2019","id":1112764733856215000,"id_str":"1112764733856215040","text":"@fayedsouza This is Indira’s constitution, not India’s. In a self respecting democracy 42nd amendment would have be… https://t.co/ii2QnQQCrO","truncated":true,"entities":{"hashtags":[],"symbols":[],"user_mentions":[{"screen_name":"fayedsouza","name":"Faye DSouza","id":33915298,"id_str":"33915298","indices":[0,11]}],"urls":[{"url":"https://t.co/ii2QnQQCrO","expanded_url":"https://twitter.com/i/web/status/1112764733856215040","display_url":"twitter.com/i/web/status/1…","indices":[117,140]}]},"metadata":{"iso_language_code":"en","result_type":"recent"},"source":"<a href=\"http://twitter.com/download/iphone\" rel=\"nofollow\">Twitter for iPhone</a>","in_reply_to_status_id":1112711460533067800,"in_reply_to_status_id_str":"1112711460533067777","in_reply_to_user_id":33915298,"in_reply_to_user_id_str":"33915298","in_reply_to_screen_name":"fayedsouza","user":{"id":117477749,"id_str":"117477749","name":"नम्रता","screen_name":"_Namrataa","location":"","description":"Liberal in blocking. Intolerant to slightest of abuse. Don't intend to please anyone. Unfollow rather than telling me what (not) to tweet.","url":null,"entities":{"description":{"urls":[]}},"protected":false,"followers_count":9130,"friends_count":160,"listed_count":89,"created_at":"Thu Feb 25 17:49:51 +0000 2010","favourites_count":22432,"utc_offset":null,"time_zone":null,"geo_enabled":false,"verified":false,"statuses_count":83528,"lang":"en","contributors_enabled":false,"is_translator":false,"is_translation_enabled":false,"profile_background_color":"0099B9","profile_background_image_url":"http://abs.twimg.com/images/themes/theme4/bg.gif","profile_background_image_url_https":"https://abs.twimg.com/images/themes/theme4/bg.gif","profile_background_tile":false,"profile_image_url":"http://pbs.twimg.com/profile_images/991026397572411392/T14pLNzQ_normal.jpg","profile_image_url_https":"https://pbs.twimg.com/profile_images/991026397572411392/T14pLNzQ_normal.jpg","profile_banner_url":"https://pbs.twimg.com/profile_banners/117477749/1550689590","profile_link_color":"EB0927","profile_sidebar_border_color":"FFFFFF","profile_sidebar_fill_color":"95E8EC","profile_text_color":"3C3940","profile_use_background_image":true,"has_extended_profile":false,"default_profile":false,"default_profile_image":false,"following":false,"follow_request_sent":false,"notifications":false,"translator_type":"none"},"geo":null,"coordinates":null,"place":null,"contributors":null,"is_quote_status":false,"retweet_count":2,"favorite_count":3,"favorited":false,"retweeted":false,"lang":"en"},"is_quote_status":false,"retweet_count":2,"favorite_count":0,"favorited":false,"retweeted":false,"lang":"en"},{"created_at":"Mon Apr 01 17:15:31 +0000 2019","id":1112765445445046300,"id_str":"1112765445445046272","text":"craving a chocolate banana milkshake","truncated":false,"entities":{"hashtags":[],"symbols":[],"user_mentions":[],"urls":[]},"metadata":{"iso_language_code":"en","result_type":"recent"},"source":"<a href=\"http://twitter.com/download/iphone\" rel=\"nofollow\">Twitter for iPhone</a>","in_reply_to_status_id":null,"in_reply_to_status_id_str":null,"in_reply_to_user_id":null,"in_reply_to_user_id_str":null,"in_reply_to_screen_name":null,"user":{"id":63319070,"id_str":"63319070","name":"pam margera","screen_name":"maddlesmouse","location":"hell earth","description":"live blogging my mental breakdown ✨ she/her ✨ venmo @maddlesmousechowicz","url":null,"entities":{"description":{"urls":[]}},"protected":false,"followers_count":165,"friends_count":274,"listed_count":1,"created_at":"Thu Aug 06 01:03:46 +0000 2009","favourites_count":20197,"utc_offset":null,"time_zone":null,"geo_enabled":true,"verified":false,"statuses_count":9938,"lang":"en","contributors_enabled":false,"is_translator":false,"is_translation_enabled":false,"profile_background_color":"9AE4E8","profile_background_image_url":"http://abs.twimg.com/images/themes/theme1/bg.png","profile_background_image_url_https":"https://abs.twimg.com/images/themes/theme1/bg.png","profile_background_tile":true,"profile_image_url":"http://pbs.twimg.com/profile_images/959871576819712001/8HAFW8Wz_normal.jpg","profile_image_url_https":"https://pbs.twimg.com/profile_images/959871576819712001/8HAFW8Wz_normal.jpg","profile_banner_url":"https://pbs.twimg.com/profile_banners/63319070/1362722031","profile_link_color":"828282","profile_sidebar_border_color":"FFFFFF","profile_sidebar_fill_color":"FFF761","profile_text_color":"333333","profile_use_background_image":true,"has_extended_profile":true,"default_profile":false,"default_profile_image":false,"following":false,"follow_request_sent":false,"notifications":false,"translator_type":"none"},"geo":null,"coordinates":null,"place":null,"contributors":null,"is_quote_status":false,"retweet_count":0,"favorite_count":0,"favorited":false,"retweeted":false,"lang":"en"},{"created_at":"Mon Apr 01 17:15:30 +0000 2019","id":1112765443310264300,"id_str":"1112765443310264322","text":"RT @NEONCTIME: Banana! https://t.co/JI6XtBEquc","truncated":false,"entities":{"hashtags":[],"symbols":[],"user_mentions":[{"screen_name":"NEONCTIME","name":"ɴᴇᴏɴᴄᴛɪᴍᴇ ʀᴘʙʀ (TEMOS VAGAS)","id":1086284934417928200,"id_str":"1086284934417928192","indices":[3,13]}],"urls":[{"url":"https://t.co/JI6XtBEquc","expanded_url":"https://twitter.com/97YNJ/status/1112764481929728000","display_url":"twitter.com/97YNJ/status/1…","indices":[23,46]}]},"metadata":{"result_type":"recent","iso_language_code":"tr"},"source":"<a href=\"http://twitter.com/download/iphone\" rel=\"nofollow\">Twitter for iPhone</a>","in_reply_to_status_id":null,"in_reply_to_status_id_str":null,"in_reply_to_user_id":null,"in_reply_to_user_id_str":null,"in_reply_to_screen_name":null,"user":{"id":873961473281851400,"id_str":"873961473281851392","name":"yuno わよ ·","screen_name":"97YNJ","location":"hyu, itachi, juwi & tae.","description":"big valentine energy — dimple prince ⠀ overwhelmingly charming & 90s kid ·","url":"https://t.co/mKq7FVK8gQ","entities":{"url":{"urls":[{"url":"https://t.co/mKq7FVK8gQ","expanded_url":"https://curiouscat.me/jyunjae","display_url":"curiouscat.me/jyunjae","indices":[0,23]}]},"description":{"urls":[]}},"protected":false,"followers_count":2038,"friends_count":686,"listed_count":12,"created_at":"Sun Jun 11 17:53:47 +0000 2017","favourites_count":5802,"utc_offset":null,"time_zone":null,"geo_enabled":false,"verified":false,"statuses_count":14308,"lang":"en","contributors_enabled":false,"is_translator":false,"is_translation_enabled":false,"profile_background_color":"000000","profile_background_image_url":"http://abs.twimg.com/images/themes/theme1/bg.png","profile_background_image_url_https":"https://abs.twimg.com/images/themes/theme1/bg.png","profile_background_tile":false,"profile_image_url":"http://pbs.twimg.com/profile_images/1112367469212155904/nhHP-KYJ_normal.jpg","profile_image_url_https":"https://pbs.twimg.com/profile_images/1112367469212155904/nhHP-KYJ_normal.jpg","profile_banner_url":"https://pbs.twimg.com/profile_banners/873961473281851392/1539633041","profile_link_color":"000000","profile_sidebar_border_color":"000000","profile_sidebar_fill_color":"000000","profile_text_color":"000000","profile_use_background_image":false,"has_extended_profile":true,"default_profile":false,"default_profile_image":false,"following":false,"follow_request_sent":false,"notifications":false,"translator_type":"none"},"geo":null,"coordinates":null,"place":null,"contributors":null,"retweeted_status":{"created_at":"Mon Apr 01 17:14:41 +0000 2019","id":1112765238812831700,"id_str":"1112765238812831745","text":"Banana! https://t.co/JI6XtBEquc","truncated":false,"entities":{"hashtags":[],"symbols":[],"user_mentions":[],"urls":[{"url":"https://t.co/JI6XtBEquc","expanded_url":"https://twitter.com/97YNJ/status/1112764481929728000","display_url":"twitter.com/97YNJ/status/1…","indices":[8,31]}]},"metadata":{"result_type":"recent","iso_language_code":"tr"},"source":"<a href=\"http://twitter.com/download/android\" rel=\"nofollow\">Twitter for Android</a>","in_reply_to_status_id":null,"in_reply_to_status_id_str":null,"in_reply_to_user_id":null,"in_reply_to_user_id_str":null,"in_reply_to_screen_name":null,"user":{"id":1086284934417928200,"id_str":"1086284934417928192","name":"ɴᴇᴏɴᴄᴛɪᴍᴇ ʀᴘʙʀ (TEMOS VAGAS)","screen_name":"NEONCTIME","location":"🎠₊˚.༄ telegram","description":"⠀⠀⠀⠀⠀ — ﹫ᴡᴇʟᴄᴏᴍᴇ // ᴠᴏᴄᴇ̂ ᴀᴄᴀʙᴏᴜ ᴅᴇ ᴄʜᴇɢᴀʀ ɴᴀ ɴᴇᴏɴ ᴄʜᴇʀʀʏ ᴛɪᴍᴇ ʀᴘʙʀ!¡ 🍒· ᴘᴏᴅᴇ ᴘᴇɢᴀʀ ᴜᴍᴀ ʙᴇʙɪᴅᴀ ɴᴀ ɢᴇʟᴀᴅᴇɪʀᴀ ᴇ ϙᴜᴀʟϙᴜᴇʀ ᴅᴜ́ᴠɪᴅᴀ ᴄʜᴀᴍᴇ- ɴoѕ ɴᴀ ᴅᴍ","url":null,"entities":{"description":{"urls":[]}},"protected":false,"followers_count":353,"friends_count":324,"listed_count":1,"created_at":"Fri Jan 18 15:31:25 +0000 2019","favourites_count":351,"utc_offset":null,"time_zone":null,"geo_enabled":false,"verified":false,"statuses_count":699,"lang":"pt","contributors_enabled":false,"is_translator":false,"is_translation_enabled":false,"profile_background_color":"F5F8FA","profile_background_image_url":null,"profile_background_image_url_https":null,"profile_background_tile":false,"profile_image_url":"http://pbs.twimg.com/profile_images/1098351695464222720/xQMT9t_6_normal.jpg","profile_image_url_https":"https://pbs.twimg.com/profile_images/1098351695464222720/xQMT9t_6_normal.jpg","profile_banner_url":"https://pbs.twimg.com/profile_banners/1086284934417928192/1550701523","profile_link_color":"1DA1F2","profile_sidebar_border_color":"C0DEED","profile_sidebar_fill_color":"DDEEF6","profile_text_color":"333333","profile_use_background_image":true,"has_extended_profile":false,"default_profile":true,"default_profile_image":false,"following":false,"follow_request_sent":false,"notifications":false,"translator_type":"none"},"geo":null,"coordinates":null,"place":null,"contributors":null,"is_quote_status":true,"quoted_status_id":1112764481929728000,"quoted_status_id_str":"1112764481929728000","quoted_status":{"created_at":"Mon Apr 01 17:11:41 +0000 2019","id":1112764481929728000,"id_str":"1112764481929728000","text":"tô muito carente ultimamente acho que é falta de * https://t.co/xmnQY9MqLa","truncated":false,"entities":{"hashtags":[],"symbols":[],"user_mentions":[],"urls":[{"url":"https://t.co/xmnQY9MqLa","expanded_url":"https://twitter.com/ishinryujn/status/1112753030775091200","display_url":"twitter.com/ishinryujn/sta…","indices":[51,74]}]},"metadata":{"result_type":"recent","iso_language_code":"tr"},"source":"<a href=\"http://twitter.com/download/iphone\" rel=\"nofollow\">Twitter for iPhone</a>","in_reply_to_status_id":null,"in_reply_to_status_id_str":null,"in_reply_to_user_id":null,"in_reply_to_user_id_str":null,"in_reply_to_screen_name":null,"user":{"id":873961473281851400,"id_str":"873961473281851392","name":"yuno わよ ·","screen_name":"97YNJ","location":"hyu, itachi, juwi & tae.","description":"big valentine energy — dimple prince ⠀ overwhelmingly charming & 90s kid ·","url":"https://t.co/mKq7FVK8gQ","entities":{"url":{"urls":[{"url":"https://t.co/mKq7FVK8gQ","expanded_url":"https://curiouscat.me/jyunjae","display_url":"curiouscat.me/jyunjae","indices":[0,23]}]},"description":{"urls":[]}},"protected":false,"followers_count":2038,"friends_count":686,"listed_count":12,"created_at":"Sun Jun 11 17:53:47 +0000 2017","favourites_count":5802,"utc_offset":null,"time_zone":null,"geo_enabled":false,"verified":false,"statuses_count":14308,"lang":"en","contributors_enabled":false,"is_translator":false,"is_translation_enabled":false,"profile_background_color":"000000","profile_background_image_url":"http://abs.twimg.com/images/themes/theme1/bg.png","profile_background_image_url_https":"https://abs.twimg.com/images/themes/theme1/bg.png","profile_background_tile":false,"profile_image_url":"http://pbs.twimg.com/profile_images/1112367469212155904/nhHP-KYJ_normal.jpg","profile_image_url_https":"https://pbs.twimg.com/profile_images/1112367469212155904/nhHP-KYJ_normal.jpg","profile_banner_url":"https://pbs.twimg.com/profile_banners/873961473281851392/1539633041","profile_link_color":"000000","profile_sidebar_border_color":"000000","profile_sidebar_fill_color":"000000","profile_text_color":"000000","profile_use_background_image":false,"has_extended_profile":true,"default_profile":false,"default_profile_image":false,"following":false,"follow_request_sent":false,"notifications":false,"translator_type":"none"},"geo":null,"coordinates":null,"place":null,"contributors":null,"is_quote_status":true,"quoted_status_id":1112753030775091200,"quoted_status_id_str":"1112753030775091200","retweet_count":1,"favorite_count":1,"favorited":false,"retweeted":false,"possibly_sensitive":false,"lang":"pt"},"retweet_count":1,"favorite_count":1,"favorited":false,"retweeted":false,"possibly_sensitive":false,"lang":"tr"},"is_quote_status":true,"quoted_status_id":1112764481929728000,"quoted_status_id_str":"1112764481929728000","retweet_count":1,"favorite_count":0,"favorited":false,"retweeted":false,"possibly_sensitive":false,"lang":"tr"},{"created_at":"Mon Apr 01 17:15:29 +0000 2019","id":1112765439371866100,"id_str":"1112765439371866113","text":"@NEONCTIME Sim, um açaí com banana e granola, quem me dera.","truncated":false,"entities":{"hashtags":[],"symbols":[],"user_mentions":[{"screen_name":"NEONCTIME","name":"ɴᴇᴏɴᴄᴛɪᴍᴇ ʀᴘʙʀ (TEMOS VAGAS)","id":1086284934417928200,"id_str":"1086284934417928192","indices":[0,10]}],"urls":[]},"metadata":{"iso_language_code":"pt","result_type":"recent"},"source":"<a href=\"http://twitter.com/download/iphone\" rel=\"nofollow\">Twitter for iPhone</a>","in_reply_to_status_id":1112765238812831700,"in_reply_to_status_id_str":"1112765238812831745","in_reply_to_user_id":1086284934417928200,"in_reply_to_user_id_str":"1086284934417928192","in_reply_to_screen_name":"NEONCTIME","user":{"id":873961473281851400,"id_str":"873961473281851392","name":"yuno わよ ·","screen_name":"97YNJ","location":"hyu, itachi, juwi & tae.","description":"big valentine energy — dimple prince ⠀ overwhelmingly charming & 90s kid ·","url":"https://t.co/mKq7FVK8gQ","entities":{"url":{"urls":[{"url":"https://t.co/mKq7FVK8gQ","expanded_url":"https://curiouscat.me/jyunjae","display_url":"curiouscat.me/jyunjae","indices":[0,23]}]},"description":{"urls":[]}},"protected":false,"followers_count":2038,"friends_count":686,"listed_count":12,"created_at":"Sun Jun 11 17:53:47 +0000 2017","favourites_count":5802,"utc_offset":null,"time_zone":null,"geo_enabled":false,"verified":false,"statuses_count":14308,"lang":"en","contributors_enabled":false,"is_translator":false,"is_translation_enabled":false,"profile_background_color":"000000","profile_background_image_url":"http://abs.twimg.com/images/themes/theme1/bg.png","profile_background_image_url_https":"https://abs.twimg.com/images/themes/theme1/bg.png","profile_background_tile":false,"profile_image_url":"http://pbs.twimg.com/profile_images/1112367469212155904/nhHP-KYJ_normal.jpg","profile_image_url_https":"https://pbs.twimg.com/profile_images/1112367469212155904/nhHP-KYJ_normal.jpg","profile_banner_url":"https://pbs.twimg.com/profile_banners/873961473281851392/1539633041","profile_link_color":"000000","profile_sidebar_border_color":"000000","profile_sidebar_fill_color":"000000","profile_text_color":"000000","profile_use_background_image":false,"has_extended_profile":true,"default_profile":false,"default_profile_image":false,"following":false,"follow_request_sent":false,"notifications":false,"translator_type":"none"},"geo":null,"coordinates":null,"place":null,"contributors":null,"is_quote_status":false,"retweet_count":0,"favorite_count":0,"favorited":false,"retweeted":false,"lang":"pt"},{"created_at":"Mon Apr 01 17:15:26 +0000 2019","id":1112765425585193000,"id_str":"1112765425585192961","text":"@NatureNews In the Glorious Banana Republic of Trumpistan, 'Science' is frowned upon. Hallelujah!💩😇","truncated":false,"entities":{"hashtags":[],"symbols":[],"user_mentions":[{"screen_name":"NatureNews","name":"Nature News & Comment","id":15862891,"id_str":"15862891","indices":[0,11]}],"urls":[]},"metadata":{"iso_language_code":"en","result_type":"recent"},"source":"<a href=\"https://mobile.twitter.com\" rel=\"nofollow\">Twitter Web App</a>","in_reply_to_status_id":1112710579775512600,"in_reply_to_status_id_str":"1112710579775512577","in_reply_to_user_id":15862891,"in_reply_to_user_id_str":"15862891","in_reply_to_screen_name":"NatureNews","user":{"id":15121509,"id_str":"15121509","name":"Boomersaurus","screen_name":"Boomersaurus","location":"Twitter Philosopher","description":"Roar,Roar,Roar thunders the Boomersaur..following (from a safe distance) the herd of fellow Boomers into the setting sun of Western Civilization.","url":"https://t.co/WvslLRqmNP","entities":{"url":{"urls":[{"url":"https://t.co/WvslLRqmNP","expanded_url":"https://www.investing.com/indices/us-spx-500-futures-streaming-chart","display_url":"investing.com/indices/us-spx…","indices":[0,23]}]},"description":{"urls":[]}},"protected":false,"followers_count":518,"friends_count":255,"listed_count":19,"created_at":"Sun Jun 15 01:56:20 +0000 2008","favourites_count":3699,"utc_offset":null,"time_zone":null,"geo_enabled":false,"verified":false,"statuses_count":72523,"lang":"en","contributors_enabled":false,"is_translator":false,"is_translation_enabled":false,"profile_background_color":"000000","profile_background_image_url":"http://abs.twimg.com/images/themes/theme1/bg.png","profile_background_image_url_https":"https://abs.twimg.com/images/themes/theme1/bg.png","profile_background_tile":false,"profile_image_url":"http://pbs.twimg.com/profile_images/681480537/Boomersaurus3_normal.jpg","profile_image_url_https":"https://pbs.twimg.com/profile_images/681480537/Boomersaurus3_normal.jpg","profile_banner_url":"https://pbs.twimg.com/profile_banners/15121509/1487250816","profile_link_color":"981CEB","profile_sidebar_border_color":"000000","profile_sidebar_fill_color":"000000","profile_text_color":"000000","profile_use_background_image":false,"has_extended_profile":true,"default_profile":false,"default_profile_image":false,"following":false,"follow_request_sent":false,"notifications":false,"translator_type":"none"},"geo":null,"coordinates":null,"place":null,"contributors":null,"is_quote_status":false,"retweet_count":0,"favorite_count":0,"favorited":false,"retweeted":false,"lang":"en"},{"created_at":"Mon Apr 01 17:15:25 +0000 2019","id":1112765424247038000,"id_str":"1112765424247037959","text":"RT @kittyyyyyys: What to do if you're having period cramps.\n\n1. Drink a lot of water to stay hydrated, reduce cramps or bloating.\n2. Eat da…","truncated":false,"entities":{"hashtags":[],"symbols":[],"user_mentions":[{"screen_name":"kittyyyyyys","name":"Amanda 🌸","id":1094975111843565600,"id_str":"1094975111843565575","indices":[3,15]}],"urls":[]},"metadata":{"iso_language_code":"en","result_type":"recent"},"source":"<a href=\"http://twitter.com/download/iphone\" rel=\"nofollow\">Twitter for iPhone</a>","in_reply_to_status_id":null,"in_reply_to_status_id_str":null,"in_reply_to_user_id":null,"in_reply_to_user_id_str":null,"in_reply_to_screen_name":null,"user":{"id":826646814,"id_str":"826646814","name":"Nicole","screen_name":"nixrachx_","location":"borneo ","description":"AMP🌻","url":null,"entities":{"description":{"urls":[]}},"protected":false,"followers_count":432,"friends_count":1052,"listed_count":1,"created_at":"Sun Sep 16 06:57:16 +0000 2012","favourites_count":3524,"utc_offset":null,"time_zone":null,"geo_enabled":true,"verified":false,"statuses_count":11719,"lang":"en","contributors_enabled":false,"is_translator":false,"is_translation_enabled":false,"profile_background_color":"642D8B","profile_background_image_url":"http://abs.twimg.com/images/themes/theme10/bg.gif","profile_background_image_url_https":"https://abs.twimg.com/images/themes/theme10/bg.gif","profile_background_tile":true,"profile_image_url":"http://pbs.twimg.com/profile_images/1109882173039886336/p8Uu_pc3_normal.jpg","profile_image_url_https":"https://pbs.twimg.com/profile_images/1109882173039886336/p8Uu_pc3_normal.jpg","profile_banner_url":"https://pbs.twimg.com/profile_banners/826646814/1552881624","profile_link_color":"FF0000","profile_sidebar_border_color":"65B0DA","profile_sidebar_fill_color":"7AC3EE","profile_text_color":"3D1957","profile_use_background_image":true,"has_extended_profile":true,"default_profile":false,"default_profile_image":false,"following":false,"follow_request_sent":false,"notifications":false,"translator_type":"none"},"geo":null,"coordinates":null,"place":null,"contributors":null,"retweeted_status":{"created_at":"Sun Mar 31 08:00:10 +0000 2019","id":1112263300383801300,"id_str":"1112263300383801344","text":"What to do if you're having period cramps.\n\n1. Drink a lot of water to stay hydrated, reduce cramps or bloating.\n2.… https://t.co/2NoguatgKE","truncated":true,"entities":{"hashtags":[],"symbols":[],"user_mentions":[],"urls":[{"url":"https://t.co/2NoguatgKE","expanded_url":"https://twitter.com/i/web/status/1112263300383801344","display_url":"twitter.com/i/web/status/1…","indices":[117,140]}]},"metadata":{"iso_language_code":"en","result_type":"recent"},"source":"<a href=\"http://twitter.com/download/iphone\" rel=\"nofollow\">Twitter for iPhone</a>","in_reply_to_status_id":null,"in_reply_to_status_id_str":null,"in_reply_to_user_id":null,"in_reply_to_user_id_str":null,"in_reply_to_screen_name":null,"user":{"id":1094975111843565600,"id_str":"1094975111843565575","name":"Amanda 🌸","screen_name":"kittyyyyyys","location":"Shah Alam","description":"Do good and good will come to you 💅🏻","url":null,"entities":{"description":{"urls":[]}},"protected":false,"followers_count":198,"friends_count":194,"listed_count":0,"created_at":"Mon Feb 11 15:03:05 +0000 2019","favourites_count":2247,"utc_offset":null,"time_zone":null,"geo_enabled":true,"verified":false,"statuses_count":575,"lang":"en","contributors_enabled":false,"is_translator":false,"is_translation_enabled":false,"profile_background_color":"F5F8FA","profile_background_image_url":null,"profile_background_image_url_https":null,"profile_background_tile":false,"profile_image_url":"http://pbs.twimg.com/profile_images/1112548184620843008/2pIqBppq_normal.jpg","profile_image_url_https":"https://pbs.twimg.com/profile_images/1112548184620843008/2pIqBppq_normal.jpg","profile_banner_url":"https://pbs.twimg.com/profile_banners/1094975111843565575/1553749135","profile_link_color":"1DA1F2","profile_sidebar_border_color":"C0DEED","profile_sidebar_fill_color":"DDEEF6","profile_text_color":"333333","profile_use_background_image":true,"has_extended_profile":true,"default_profile":true,"default_profile_image":false,"following":false,"follow_request_sent":false,"notifications":false,"translator_type":"none"},"geo":null,"coordinates":null,"place":null,"contributors":null,"is_quote_status":false,"retweet_count":3287,"favorite_count":3133,"favorited":false,"retweeted":false,"lang":"en"},"is_quote_status":false,"retweet_count":3287,"favorite_count":0,"favorited":false,"retweeted":false,"lang":"en"}],"search_metadata":{"completed_in":0.046,"max_id":1112765460922032100,"max_id_str":"1112765460922032129","next_results":"?max_id=1112765424247037958&q=banana%20since%3A2011-07-11&count=10&include_entities=1","query":"banana+since%3A2011-07-11","refresh_url":"?since_id=1112765460922032129&q=banana%20since%3A2011-07-11&include_entities=1","count":10,"since_id":0,"since_id_str":"0"}}